cluster_all_aligned,cluster_coherence,cluster_signal,cluster_size,dominant_mad_actionable,dominant_mad_directional_hit_30m,dominant_z_mad,dominant_z_std,event_time_utc,indicators,max_abs_mad_z,mean_abs_mad_z,mean_signed_surprise,post_240m_hit,post_240m_mae_bps,post_240m_mfe_bps,post_240m_observed_bars,post_240m_usd_bps,post_30m_hit,post_30m_mae_bps,post_30m_mfe_bps,post_30m_observed_bars,post_30m_usd_bps,post_60m_hit,post_60m_mae_bps,post_60m_mfe_bps,post_60m_observed_bars,post_60m_usd_bps,pre_240m_abs_bps,pre_240m_aligned,pre_240m_usd_bps,pre_30m_abs_bps,pre_30m_aligned,pre_30m_usd_bps,pre_60m_abs_bps,pre_60m_aligned,pre_60m_usd_bps,pre_atr_bps,pre_realized_vol_bps,trade_240m_gross_bps,trade_30m_gross_bps,trade_60m_gross_bps,year
True,1,-1,1,False,False,-0.256949,-0.225151,2021-07-01T14:00:00+00:00,pmi,0.256949,0.256949,-0.4,False,-1.8522,26.4356,8,26.0147,False,-1.8522,16.417,1,10.6921,False,-1.8522,17.3431,2,8.1664,20.4156,True,-20.4156,0.4209,False,0.4209,6.4868,True,-6.4868,8.983714391981142,6.785065403557369,-26.0147,-10.6921,-8.1664,2021
False,0,0,2,True,False,-2.023472,-0.357778,2021-07-02T12:30:00+00:00,nfp+unemployment,2.023472,1.863366,62499.85,False,-31.3819,12.6881,8,-18.1017,False,-29.521,12.6881,1,-21.4006,False,-31.3819,12.6881,2,-13.7877,4.8192,,4.8192,0.0846,,0.0846,0.2538,,-0.2538,6.109419614396055,7.598741407108353,,,,2021
True,1,1,2,True,True,3.372454,4.577086,2021-07-13T12:30:00+00:00,core_cpi+cpi,3.372454,3.035208,0.45,True,-0.422,46.7617,8,28.1077,True,-0.422,44.8203,1,40.4312,True,-0.422,46.7617,2,36.5484,2.1097,True,2.1097,0.0844,True,0.0844,6.5881,False,-6.5881,7.103211598263207,13.901773932517392,28.1077,40.4312,36.5484,2021
True,1,1,1,True,True,2.697963,0.66842,2021-07-16T12:30:00+00:00,retail_sales,2.697963,2.697963,1.0,False,-9.8283,7.2865,8,-5.7614,True,-2.2029,7.2865,1,0.6778,False,-8.4726,7.2865,2,-5.9308,13.1154,True,13.1154,0.4236,True,0.4236,6.9524,False,-6.9524,8.54266697339699,5.793621475883269,-5.7614,0.6778,-5.9308,2021
True,1,-1,1,True,True,-5.395926,-3.063268,2021-07-29T12:30:00+00:00,gdp,5.395926,5.395926,-2.0,True,-15.6666,0.0,8,-8.086,True,-10.7813,0.0,1,-9.939,True,-10.7813,0.0,2,-5.9803,3.5364,False,3.5364,0.0,False,0.0,0.8424,True,-0.8424,5.5370538925139865,3.9525620404298394,8.086,9.939,5.9803,2021
True,1,-1,1,False,False,-0.835084,-0.73174,2021-08-02T14:00:00+00:00,pmi,0.835084,0.835084,-1.3,False,-6.6492,13.635,8,11.0258,False,-6.6492,3.2825,1,3.1983,False,-6.6492,4.3767,2,2.4408,4.9634,False,4.9634,0.5892,True,-0.5892,1.852,True,-1.852,8.423936574203497,4.732085517328679,-11.0258,-3.1983,-2.4408,2021
True,1,1,2,True,True,2.023472,0.357778,2021-08-06T12:30:00+00:00,nfp+unemployment,2.023472,1.509088,36500.15,True,-2.0329,43.0297,8,40.658,True,-2.0329,24.6489,1,18.2114,True,-2.0329,25.0724,2,20.2443,4.318,True,4.318,0.0847,True,0.0847,1.101,True,1.101,5.832779466945851,6.311841976092602,40.658,18.2114,20.2443,2021
False,0.5,-1,2,False,False,-0.674491,-0.915417,2021-08-11T12:30:00+00:00,core_cpi+cpi,0.674491,0.337245,-0.05,True,-27.224,0.0853,8,-17.7511,True,-27.224,0.0853,1,-16.4709,True,-27.224,0.0853,2,-19.4579,4.3543,True,-4.3543,0.0,False,0.0,1.7925,True,-1.7925,4.983716677934731,5.456963195212056,17.7511,16.4709,19.4579,2021
True,1,-1,1,True,False,-2.428167,-0.601578,2021-08-17T12:30:00+00:00,retail_sales,2.428167,2.428167,-0.9,False,-6.2909,44.9715,8,40.4659,False,-6.2909,18.3627,1,16.0673,False,-6.2909,26.0988,2,22.9533,12.0572,False,12.0572,0.085,False,0.085,0.3401,True,-0.3401,7.517983868876598,6.0013510871061335,-40.4659,-16.0673,-22.9533,2021
True,1,1,1,False,False,0.899321,0.788027,2021-09-01T14:00:00+00:00,pmi,0.899321,0.899321,1.4,True,-11.3985,8.781,8,0.6755,True,-2.3641,8.781,1,0.7599,False,-11.3985,8.781,2,-8.781,19.4574,False,-19.4574,0.3377,True,0.3377,1.9423,False,-1.9423,7.399913943837859,4.848970126786676,0.6755,0.7599,-8.781,2021
False,0.5,-1,2,True,True,-6.608647,-0.360789,2021-09-03T12:30:00+00:00,nfp+unemployment,6.608647,3.304323,-242500.0,True,-31.5035,5.054,8,-12.1297,True,-31.5035,5.054,1,-16.4256,True,-31.5035,5.054,2,-20.89,2.4422,False,2.4422,0.0842,False,0.0842,1.2633,False,1.2633,5.02155143613809,5.792727087379312,12.1297,16.4256,20.89,2021
True,1,-1,2,True,True,-1.348982,-1.830835,2021-09-14T12:30:00+00:00,core_cpi+cpi,1.348982,1.011736,-0.15,True,-29.2937,0.508,8,-12.5303,True,-29.2937,0.508,1,-25.4839,True,-29.2937,0.508,2,-23.1979,8.2902,False,8.2902,0.0,False,0.0,1.5242,True,-1.5242,6.973205048343419,9.512295469245894,12.5303,25.4839,23.1979,2021
True,1,1,1,True,True,3.777148,0.935789,2021-09-16T12:30:00+00:00,retail_sales,3.777148,3.777148,1.4,True,-3.9103,11.2209,8,0.8501,True,-1.7001,10.0308,1,7.3106,True,-1.7001,10.0308,2,6.2905,7.3901,True,7.3901,0.17,True,0.17,4.3335,True,4.3335,6.478015586710951,3.673216345450528,0.8501,7.3106,6.2905,2021
True,1,1,1,False,False,0.963558,0.844315,2021-10-01T14:00:00+00:00,pmi,0.963558,0.963558,1.5,True,-0.6895,16.5474,8,2.9303,True,-0.3447,16.5474,1,4.9987,True,-0.3447,16.5474,2,5.7744,15.6238,False,-15.6238,0.0862,False,-0.0862,0.7757,False,-0.7757,8.259501101668354,4.729591832525998,2.9303,4.9987,5.7744,2021
False,0,0,2,True,False,-4.033318,-0.220193,2021-10-08T12:30:00+00:00,nfp+unemployment,4.033318,3.028395,-147999.85,False,-17.4651,8.9055,8,3.6314,False,-17.4651,1.5563,1,-4.3231,False,-17.4651,3.9772,2,1.0375,10.7327,,-10.7327,0.1729,,-0.1729,3.2001,,-3.2001,6.423610564063346,3.604938536278364,,,,2021
False,0.5,1,2,False,False,0.674491,0.909195,2021-10-13T12:30:00+00:00,core_cpi+cpi,0.674491,0.337245,0.05,False,-18.4298,18.2567,8,-14.19,True,-2.8553,18.2567,1,12.7191,False,-4.4993,18.2567,2,-3.5475,0.7788,False,-0.7788,0.0,False,0.0,5.8802,True,5.8802,6.142575303028161,5.389712248818749,-14.19,12.7191,-3.5475,2021
True,1,1,1,True,True,2.428167,0.601578,2021-10-15T12:30:00+00:00,retail_sales,2.428167,2.428167,0.9,True,-13.6274,4.83,8,2.2425,True,-8.7112,4.83,1,2.2425,False,-8.7112,4.83,2,-8.1937,7.7564,True,7.7564,0.0,False,0.0,7.7564,True,7.7564,7.237076461671432,3.7316482188413382,2.2425,2.2425,-8.1937,2021
True,1,-1,1,True,True,-1.618778,-0.918981,2021-10-28T12:30:00+00:00,gdp,1.618778,1.618778,-0.6,True,-90.0092,1.2945,8,-85.3491,True,-41.5095,1.2945,1,-36.5042,True,-51.8653,1.2945,2,-43.8396,2.157,False,2.157,0.0,False,0.0,8.0193,False,8.0193,11.122369451134704,13.262446504183622,85.3491,36.5042,43.8396,2021
True,1,1,1,False,False,0.256949,0.225151,2021-11-01T14:00:00+00:00,pmi,0.256949,0.256949,0.4,False,-19.5294,5.8761,8,-19.1837,True,-0.7777,5.8761,1,2.2467,False,-9.9375,5.8761,2,-9.8511,1.815,False,-1.815,0.0,False,0.0,2.419,True,2.419,6.330136075808647,2.4797296125152153,-19.1837,2.2467,-9.8511,2021
True,1,1,2,True,True,1.035582,0.056536,2021-11-05T12:30:00+00:00,nfp+unemployment,1.035582,0.855036,38000.05,False,-16.2059,22.1856,8,-14.906,True,-0.26,22.099,1,21.2323,True,-0.26,22.1856,2,7.3663,8.9183,True,8.9183,0.0,False,0.0,4.682,False,-4.682,6.85486594721748,7.778610739865955,-14.906,21.2323,7.3663,2021
True,1,1,2,True,True,2.023472,2.727586,2021-11-10T13:30:00+00:00,core_cpi+cpi,2.023472,1.686227,0.25,True,-15.0559,44.3891,8,39.4569,True,-6.7492,20.8533,1,3.0285,False,-10.4699,20.8533,2,-5.8839,17.7069,True,17.7069,0.4326,True,0.4326,1.2113,True,1.2113,9.480117890585934,5.927664340434676,39.4569,3.0285,-5.8839,2021
True,1,1,1,True,True,1.079185,0.267368,2021-11-16T13:30:00+00:00,retail_sales,1.079185,1.079185,0.4,True,-5.0135,40.2843,8,39.2288,True,-5.0135,10.291,1,6.2449,True,-5.0135,34.8309,2,26.2991,6.9534,False,-6.9534,0.0,False,0.0,5.9847,False,-5.9847,7.897912938926838,6.1095830886129345,39.2288,6.2449,26.2991,2021
True,1,-1,1,False,False,-0.128474,-0.112575,2021-12-01T15:00:00+00:00,pmi,0.128474,0.128474,-0.2,False,-4.8449,32.5047,8,21.2294,False,-4.8449,13.7418,1,7.0471,False,-4.8449,16.3845,2,15.5036,19.5056,True,-19.5056,0.1762,False,0.1762,8.1107,True,-8.1107,11.17903787395472,7.639144695726904,-21.2294,-7.0471,-15.5036,2021
False,0,0,2,True,False,-4.673744,-0.255156,2021-12-03T13:30:00+00:00,nfp+unemployment,4.673744,3.348608,-171499.85,False,-36.9295,22.3171,8,-13.9039,False,-36.9295,0.3542,1,-16.295,False,-36.9295,5.0479,2,-6.7305,5.0454,,5.0454,0.0,,0.0,4.2491,,4.2491,9.543609744468121,7.906180095425781,,,,2021
False,0.5,1,2,False,False,0.674491,0.909195,2021-12-10T13:30:00+00:00,core_cpi+cpi,0.674491,0.337245,0.05,False,-50.4105,0.0888,8,-42.6892,False,-37.2753,0.0888,1,-23.0752,False,-37.2753,0.0888,2,-12.9576,13.2064,True,13.2064,0.0888,True,0.0888,10.3731,True,10.3731,7.737930021209825,9.693884927866222,-42.6892,-23.0752,-12.9576,2021
True,1,-1,1,True,True,-1.348982,-0.33421,2021-12-15T13:30:00+00:00,retail_sales,1.348982,1.348982,-0.5,True,-13.233,10.4799,8,-3.2861,True,-12.9666,0.8881,1,-12.2561,False,-13.233,0.8881,2,0.3552,10.6461,False,10.6461,0.0,False,0.0,3.3737,False,3.3737,7.642169589682738,6.2871171072699985,3.2861,12.2561,-0.3552,2021
True,1,-1,1,False,False,-0.730698,-0.704883,2022-01-04T15:00:00+00:00,pmi,0.730698,0.730698,-1.3,False,-33.6742,4.608,8,3.8105,True,-28.2686,1.0634,1,-24.1036,True,-33.6742,1.0634,2,-21.6224,2.7479,True,-2.7479,0.0,False,0.0,2.8365,True,-2.8365,10.669509481134083,10.025477242401012,-3.8105,24.1036,21.6224,2022
False,0,0,2,True,False,-2.734096,-0.183209,2022-01-07T13:30:00+00:00,nfp+unemployment,2.734096,2.041539,-113499.9,False,-51.1486,7.2564,8,-49.8212,False,-19.6453,7.2564,1,-1.1504,False,-21.4152,7.2564,2,-20.5302,12.815,,12.815,0.0,,0.0,2.5669,,-2.5669,6.478550980580777,2.580646582358034,,,,2022
True,1,1,2,False,False,0.674491,0.717137,2022-01-12T13:30:00+00:00,core_cpi+cpi,0.674491,0.674491,0.1,False,-64.6552,5.5419,8,-61.1365,False,-41.784,5.5419,1,-36.6819,False,-41.784,5.5419,2,-37.8255,0.7918,False,-0.7918,0.0,False,0.0,3.872,False,-3.872,7.304120171436919,12.551195015021834,-61.1365,-36.6819,-37.8255,2022
True,1,-1,1,True,False,-3.661521,-1.201421,2022-01-14T13:30:00+00:00,retail_sales,3.661521,3.661521,-1.9,False,-8.8247,36.6096,8,33.8136,False,-8.8247,10.3975,1,5.9414,False,-8.8247,13.106,2,7.3394,11.52,False,11.52,0.0874,True,-0.0874,1.136,True,-1.136,7.476156577913929,2.8931904468931884,-33.8136,-5.9414,-7.3394,2022
True,1,1,1,True,True,3.083386,2.148002,2022-01-27T13:30:00+00:00,gdp,3.083386,3.083386,1.6,True,-5.1091,22.5877,8,7.5292,True,-1.2549,19.3609,1,6.2744,True,-1.2549,19.3609,2,4.5713,35.7254,True,35.7254,0.0,False,0.0,0.9859,True,0.9859,11.290494495096343,8.408426165882178,7.5292,6.2744,4.5713,2022
True,1,1,1,False,False,0.112415,0.108444,2022-02-01T15:00:00+00:00,pmi,0.112415,0.112415,0.2,True,-1.5093,25.8354,8,13.4948,True,-1.5093,11.1865,1,4.3503,True,-1.5093,16.1582,2,14.3826,9.6678,True,9.6678,0.0,False,0.0,5.1467,True,5.1467,9.97472897535793,4.1162600131493,13.4948,4.3503,14.3826,2022
False,0,0,2,True,False,4.299879,0.288131,2022-02-04T13:30:00+00:00,nfp+unemployment,4.299879,2.487185,178499.95,False,-0.2618,42.7552,8,2.5304,False,0.0,34.0296,1,21.2031,False,0.0,34.0296,2,19.9815,2.0937,,2.0937,0.4363,,-0.4363,3.8378,,3.8378,11.872609678633845,9.053758338088432,,,,2022
True,1,1,2,True,True,1.348982,1.434274,2022-02-10T13:30:00+00:00,core_cpi+cpi,1.348982,1.011736,0.15,False,-51.9431,53.1673,8,-33.2296,True,-0.1749,46.9586,1,24.2226,True,-0.1749,53.1673,2,44.7725,6.5542,True,6.5542,0.0874,False,-0.0874,0.6995,True,0.6995,6.994564702929065,8.14913396516994,-33.2296,24.2226,44.7725,2022
True,1,1,1,True,True,3.276098,1.074956,2022-02-16T13:30:00+00:00,retail_sales,3.276098,3.276098,1.7,False,-15.1337,10.7343,8,-13.022,True,-6.159,9.5905,1,2.2876,True,-6.159,10.7343,2,8.7986,10.635,True,10.635,0.088,True,0.088,0.3519,True,0.3519,10.052271498353893,4.648200187504512,-13.022,2.2876,8.7986,2022
True,1,1,1,False,False,0.337245,0.325331,2022-03-01T15:00:00+00:00,pmi,0.337245,0.337245,0.6,True,0.0,55.5969,8,26.274,True,0.0,21.1627,1,11.3884,True,0.0,21.1627,2,10.671,26.3836,True,26.3836,0.1793,False,-0.1793,0.1793,True,0.1793,15.640586235841422,7.17042753810186,26.274,11.3884,10.671,2022
True,1,1,2,True,True,3.264053,0.218721,2022-03-04T13:30:00+00:00,nfp+unemployment,3.264053,1.969272,135500.05,True,-9.4202,44.5404,8,9.969,True,-9.4202,44.5404,1,23.322,True,-9.4202,44.5404,2,20.4867,72.8158,True,72.8158,0.1829,False,-0.1829,3.657,True,3.657,17.626874549888566,8.206198474797016,9.969,23.322,20.4867,2022
False,0,0,2,False,False,0.0,0.0,2022-03-10T13:30:00+00:00,core_cpi+cpi,0.0,0.0,0.0,False,-21.9251,92.9334,8,75.4295,False,-21.9251,28.8725,1,17.3235,False,-21.9251,56.0307,2,53.5946,38.2212,,-38.2212,0.3609,,-0.3609,13.5157,,13.5157,26.261651712960518,18.885742915273294,,,,2022
True,1,-1,1,False,False,-0.192712,-0.063233,2022-03-16T12:30:00+00:00,retail_sales,0.192712,0.192712,-0.1,True,-33.9008,18.6318,8,-5.3623,False,-2.4539,18.6318,1,12.2697,False,-2.4539,18.6318,2,11.9062,10.9183,True,-10.9183,0.0,False,0.0,8.6268,False,8.6268,15.278835357261233,7.745830109193727,5.3623,-12.2697,-11.9062,2022
False,0,0,2,False,False,-0.734713,-0.049232,2022-04-01T12:30:00+00:00,nfp+unemployment,0.734713,0.704602,-30499.95,False,-6.9672,21.2635,8,6.6053,False,-6.9672,13.9344,1,6.9672,False,-6.9672,13.9344,2,7.2386,7.7755,,7.7755,0.0905,,0.0905,3.2584,,-3.2584,11.573943570248076,6.0984629447741545,,,,2022
True,1,-1,1,True,False,-1.011736,-0.975992,2022-04-01T14:00:00+00:00,pmi,1.011736,1.011736,-1.8,False,-4.9799,14.6679,8,4.2555,False,-4.9799,12.1327,1,11.2273,False,-4.9799,14.6679,2,6.5191,11.3954,False,11.3954,0.0,False,0.0,0.6338,True,-0.6338,11.071750564092909,6.692155441625255,-4.2555,-11.2273,-6.5191,2022
False,0.5,-1,2,True,True,-1.348982,-1.367774,2022-04-12T12:30:00+00:00,core_cpi+cpi,1.348982,0.674491,-0.1,True,-45.9755,2.027,8,-0.5528,True,-45.9755,0.0,1,-38.789,True,-45.9755,0.0,2,-21.9282,7.5494,False,7.5494,0.0921,False,0.0921,8.0094,False,8.0094,9.410647272526186,13.931119646831588,0.5528,38.789,21.9282,2022
True,1,-1,1,False,False,-0.192712,-0.063233,2022-04-14T12:30:00+00:00,retail_sales,0.192712,0.192712,-0.1,False,-5.7883,116.1338,8,54.943,False,-5.7883,37.0268,1,33.3517,False,-5.7883,61.4664,2,54.943,22.2766,False,22.2766,0.0,False,0.0,16.9342,True,-16.9342,14.265903582208349,17.160090665352968,-54.943,-33.3517,-54.943,2022
True,1,-1,1,True,False,-4.817791,-3.356253,2022-04-28T12:30:00+00:00,gdp,4.817791,4.817791,-2.5,True,-43.3928,3.8148,8,-12.4933,False,-36.1448,3.5286,1,0.2861,True,-36.1448,3.8148,2,-17.071,29.1928,False,29.1928,0.0954,True,-0.0954,4.5756,False,4.5756,21.33704266673223,10.064651256801792,12.4933,-0.2861,17.071,2022
True,1,-1,1,True,True,-1.180359,-1.138658,2022-05-02T14:00:00+00:00,pmi,1.180359,1.180359,-2.1,False,-17.3901,28.5084,8,28.2234,True,-11.4034,8.0774,1,-9.7879,False,-17.3901,8.0774,2,0.9503,1.1405,True,-1.1405,0.1901,False,0.1901,16.0856,True,-16.0856,14.104126339515929,10.892087304440567,-28.2234,9.7879,-0.9503,2022
False,0,0,2,False,False,-0.674491,-0.129648,2022-05-06T12:30:00+00:00,nfp+unemployment,0.674491,0.56609,18999.95,False,-22.0366,24.4957,8,-1.797,False,-22.0366,24.4957,1,18.7264,False,-22.0366,24.4957,2,-7.2825,15.44,,-15.44,0.0946,,0.0946,7.6667,,-7.6667,19.740936035600757,12.456435391902057,,,,2022
True,1,1,2,True,True,1.348982,1.367774,2022-05-11T12:30:00+00:00,core_cpi+cpi,1.348982,1.011736,0.15,True,-42.7269,28.7695,8,0.4747,True,-4.9373,28.7695,1,10.4444,False,-31.2381,28.7695,2,-23.0725,33.7822,True,33.7822,0.6646,True,0.6646,13.7486,True,13.7486,14.150277030054083,6.189809692985514,0.4747,10.4444,-23.0725,2022
True,1,-1,1,False,False,-0.192712,-0.063233,2022-05-17T12:30:00+00:00,retail_sales,0.192712,0.192712,-0.1,True,-13.1917,11.0089,8,-7.0229,True,-12.0529,9.2057,1,-6.1688,False,-12.0529,9.2057,2,1.5185,44.2305,True,-44.2305,0.0,False,0.0,3.3206,False,3.3206,21.055513000440225,14.353491074631373,7.0229,6.1688,-1.5185,2022
True,1,1,1,False,False,0.955529,0.92177,2022-06-01T14:00:00+00:00,pmi,0.955529,0.955529,1.7,True,-2.3351,73.6963,8,51.0924,True,-2.3351,50.7187,1,48.8507,True,-2.3351,50.7187,2,36.241,13.0596,True,13.0596,2.1478,True,2.1478,16.5984,True,16.5984,11.67354376338153,17.727866712292546,51.0924,48.8507,36.241,2022
False,0,0,2,False,False,0.782891,0.052461,2022-06-03T12:30:00+00:00,nfp+unemployment,0.782891,0.728691,32499.95,False,-19.1023,25.9046,8,6.4295,False,-7.2682,25.9046,1,14.6296,False,-7.2682,25.9046,2,2.4227,20.4581,,20.4581,0.0,,0.0,2.5165,,-2.5165,9.887169090146307,6.708553221711653,,,,2022
True,1,1,2,True,True,2.023472,2.151411,2022-06-10T12:30:00+00:00,core_cpi+cpi,2.023472,1.348982,0.2,True,-0.1889,74.7277,8,64.1468,True,-0.1889,60.5568,1,59.0453,True,-0.1889,60.5568,2,42.3236,28.0737,True,28.0737,0.3779,True,0.3779,10.1188,False,-10.1188,15.450149672933485,20.666234831594522,64.1468,59.0453,42.3236,2022
True,1,-1,1,False,False,-0.770847,-0.252931,2022-06-15T12:30:00+00:00,retail_sales,0.770847,0.770847,-0.4,False,-13.1407,38.9426,8,37.9834,False,-13.1407,20.7182,1,10.3591,False,-13.1407,21.3897,2,9.6877,65.4641,False,65.4641,0.1918,True,-0.1918,31.4577,False,31.4577,21.887744086252553,13.338920879545551,-37.9834,-10.3591,-9.6877,2022
True,1,-1,1,False,False,-0.899321,-0.867549,2022-07-01T14:00:00+00:00,pmi,0.899321,0.899321,-1.6,True,-19.5196,32.7891,8,-10.6733,False,-13.1733,32.7891,1,25.5774,False,-13.1733,32.7891,2,9.1348,62.4928,False,62.4928,0.0,False,0.0,1.7305,False,1.7305,18.191067077065604,9.049189776842121,10.6733,-25.5774,-9.1348,2022
False,0.5,1,2,True,True,1.348982,0.090394,2022-07-08T12:30:00+00:00,nfp+unemployment,1.348982,0.674491,56000.0,False,-34.7605,38.8963,8,-6.0068,True,-6.0068,38.8963,1,11.9151,False,-13.4906,38.8963,2,-10.0441,41.0334,False,-41.0334,0.0985,False,-0.0985,4.4332,False,-4.4332,18.071172421842217,8.440035329478837,-6.0068,11.9151,-10.0441,2022
True,1,1,2,True,True,1.348982,1.434274,2022-07-13T12:30:00+00:00,core_cpi+cpi,1.348982,1.348982,0.2,False,-53.9338,69.7266,8,-25.626,True,-1.1919,69.7266,1,47.0803,True,-1.1919,69.7266,2,44.5972,30.886,False,-30.886,1.2911,True,1.2911,0.0993,False,-0.0993,19.40347969252409,19.00684893261944,-25.626,47.0803,44.5972,2022
True,1,1,1,False,False,0.192712,0.063233,2022-07-15T12:30:00+00:00,retail_sales,0.192712,0.192712,0.1,False,-31.1919,25.5297,8,-8.0463,False,-10.0331,22.9469,1,-5.6622,True,-17.7814,22.9469,2,5.5629,35.4896,False,-35.4896,0.0,False,0.0,12.4326,False,-12.4326,14.077838273471071,7.8342470674665075,-8.0463,-5.6622,5.5629,2022
True,1,-1,1,True,True,-2.505251,-1.745251,2022-07-28T12:30:00+00:00,gdp,2.505251,2.505251,-1.3,True,-44.3234,3.8499,8,-17.0778,True,-44.3234,2.3692,1,-33.1685,True,-44.3234,2.3692,2,-38.4004,85.5395,False,85.5395,0.0987,True,-0.0987,11.761,True,-11.761,23.510553404484284,22.572867036091115,17.0778,33.1685,38.4004,2022
True,1,1,1,False,False,0.281038,0.271109,2022-08-01T14:00:00+00:00,pmi,0.281038,0.281038,0.5,False,-21.1635,19.5055,8,-5.8517,False,-16.2871,19.5055,1,-6.8269,False,-21.066,19.5055,2,-18.8228,3.997,True,3.997,0.0975,True,0.0975,3.9026,False,-3.9026,18.387516745580974,7.460319999724141,-5.8517,-6.8269,-18.8228,2022
True,1,1,2,True,True,3.348365,0.224371,2022-08-05T12:30:00+00:00,nfp+unemployment,3.348365,2.011428,139000.05,True,-0.1955,88.3503,8,59.5192,True,-0.1955,76.036,1,72.1267,True,-0.1955,88.3503,2,75.1564,8.0205,False,-8.0205,0.4886,True,0.4886,0.7819,False,-0.7819,8.833813494724906,24.559756673820857,59.5192,72.1267,75.1564,2022
True,1,-1,2,True,True,-1.348982,-1.434274,2022-08-10T12:30:00+00:00,core_cpi+cpi,1.348982,1.348982,-0.2,True,-122.025,0.4881,8,-76.4365,True,-99.5724,0.4881,1,-78.4865,True,-99.5724,0.4881,2,-74.5817,20.9344,True,-20.9344,0.1952,True,-0.1952,14.3296,False,14.3296,13.593158042581145,26.32564321509021,76.4365,78.4865,74.5817,2022
True,1,-1,1,False,False,-0.192712,-0.063233,2022-08-17T12:30:00+00:00,retail_sales,0.192712,0.192712,-0.1,True,-36.5104,15.5489,8,-1.5746,False,-6.9872,15.5489,1,2.9523,True,-8.0697,15.5489,2,-3.9364,12.3844,False,12.3844,0.0,False,0.0,5.9994,False,5.9994,12.092270480052678,6.913958315518707,1.5746,-2.9523,3.9364,2022
True,1,1,1,False,False,0.393453,0.379553,2022-09-01T14:00:00+00:00,pmi,0.393453,0.393453,0.7,True,-2.5048,70.0338,8,27.9534,True,-2.5048,47.8915,1,30.1576,True,-2.5048,70.0338,2,49.0938,34.8449,True,34.8449,0.0,False,0.0,4.8069,True,4.8069,16.08911779049762,9.771068397351085,27.9534,30.1576,49.0938,2022
False,0,0,2,True,False,-1.348982,-0.259297,2022-09-02T12:30:00+00:00,nfp+unemployment,1.348982,0.794936,9999.9,False,-29.6878,25.9893,8,17.9926,False,-25.5895,25.9893,1,-6.3974,False,-25.5895,25.9893,2,-4.0983,31.2848,,-31.2848,0.4998,,-0.4998,12.8111,,-12.8111,16.9065358079137,10.455620140593524,,,,2022
True,1,1,2,True,True,2.023472,2.051661,2022-09-13T12:30:00+00:00,core_cpi+cpi,2.023472,1.686227,0.25,True,-0.5902,174.4895,8,168.6863,True,-0.5902,134.0638,1,127.5721,True,-0.5902,159.1455,2,142.0309,12.1129,False,-12.1129,0.0,False,0.0,10.2189,True,10.2189,14.354102164185274,43.37750266610112,168.6863,127.5721,142.0309,2022
True,1,1,1,False,False,0.770847,0.252931,2022-09-15T12:30:00+00:00,retail_sales,0.770847,0.770847,0.4,False,-37.2712,3.2061,8,-15.9304,False,-37.2712,3.2061,1,-26.9515,False,-37.2712,3.2061,2,-4.208,11.5087,True,11.5087,0.0,False,0.0,4.006,True,4.006,12.93010043862076,10.514937947266239,-15.9304,-26.9515,-4.208,2022
True,1,-1,1,False,False,-0.899321,-0.867549,2022-10-03T14:00:00+00:00,pmi,0.899321,0.899321,-1.6,True,-78.8312,0.0,8,-27.335,True,-61.4269,0.0,1,-51.5986,True,-61.4269,0.0,2,-47.094,16.5578,False,16.5578,0.5119,True,-0.5119,6.0367,False,6.0367,20.420243008757776,19.208712955192418,27.335,51.5986,47.094,2022
True,1,1,2,True,True,1.348982,0.259297,2022-10-07T12:30:00+00:00,nfp+unemployment,1.348982,0.764824,7500.1,True,0.0,78.8518,8,38.7629,True,0.0,78.8518,1,54.166,True,0.0,78.8518,2,42.2311,1.4283,False,-1.4283,0.6121,False,-0.6121,16.2455,False,-16.2455,14.513013638754785,19.171363008445045,38.7629,54.166,42.2311,2022
True,1,1,2,True,True,1.348982,1.434274,2022-10-13T12:30:00+00:00,core_cpi+cpi,1.348982,1.348982,0.2,False,-63.6733,108.6555,8,-40.258,True,-0.8216,108.6555,1,70.965,True,-0.8216,108.6555,2,75.5864,23.7799,False,-23.7799,0.1027,True,0.1027,7.9016,True,7.9016,18.607428846065005,27.87764795851488,-40.258,70.965,75.5864,2022
True,1,-1,1,False,False,-0.385423,-0.126465,2022-10-14T12:30:00+00:00,retail_sales,0.385423,0.385423,-0.2,True,-76.8115,18.6116,8,-10.694,True,-53.2642,8.9459,1,-49.4596,True,-76.8115,8.9459,2,-24.9869,25.9477,False,25.9477,3.7031,True,-3.7031,6.2764,True,-6.2764,21.500647606155844,23.358085819277868,10.694,49.4596,24.9869,2022
True,1,1,1,False,False,0.578135,0.40275,2022-10-27T12:30:00+00:00,gdp,0.578135,0.578135,0.3,True,-45.005,26.6029,8,24.5027,False,-27.003,7.5008,1,-7.2008,True,-27.003,26.6029,2,5.9006,60.9332,True,60.9332,0.1,False,-0.1,50.7468,True,50.7468,21.16037773689471,18.45633281117309,24.5027,-7.2008,5.9006,2022
True,1,1,1,False,False,0.112415,0.108444,2022-11-01T14:00:00+00:00,pmi,0.112415,0.112415,0.2,True,-0.9058,83.434,8,54.1465,True,-0.9058,45.7931,1,36.6345,True,-0.9058,77.496,2,67.3309,1.107,True,1.107,0.1006,False,-0.1006,2.8172,True,2.8172,14.050147945365252,12.502393331212604,54.1465,36.6345,67.3309,2022
False,0,0,2,False,False,0.770847,0.051654,2022-11-04T12:30:00+00:00,nfp+unemployment,0.770847,0.722669,31999.95,False,-154.349,39.0214,8,-125.5427,False,-62.9246,39.0214,1,-58.9407,False,-94.1825,39.0214,2,-82.7417,15.9609,,-15.9609,0.0,,0.0,7.8594,,7.8594,17.2325883820395,20.15065821046863,,,,2022
True,1,-1,2,True,True,-1.348982,-1.367774,2022-11-10T13:30:00+00:00,core_cpi+cpi,1.348982,1.348982,-0.2,True,-228.0533,0.0,8,-200.9399,True,-202.3458,0.0,1,-164.7888,True,-202.3458,0.0,2,-186.4795,3.0117,False,3.0117,0.6025,False,0.6025,9.046,True,-9.046,17.97926819848017,55.27171779069401,200.9399,164.7888,186.4795,2022
True,1,1,1,False,False,0.578135,0.189698,2022-11-16T13:30:00+00:00,retail_sales,0.578135,0.578135,0.3,True,-2.1126,39.7546,8,21.4137,True,-2.1126,28.7116,1,22.0859,True,-2.1126,28.7116,2,12.1952,5.8541,True,5.8541,0.5761,True,0.5761,5.3745,True,5.3745,16.22990427055452,8.66612510567306,21.4137,22.0859,12.1952,2022
True,1,-1,1,False,False,-0.393453,-0.379553,2022-12-01T15:00:00+00:00,pmi,0.393453,0.393453,-0.7,False,-3.6088,57.0766,8,20.7983,False,-3.6088,44.1608,1,35.5186,False,-3.6088,55.6521,2,40.362,91.4292,True,-91.4292,5.6063,True,-5.6063,23.5126,True,-23.5126,24.049955846688274,16.314582673559936,-20.7983,-35.5186,-40.362,2022
False,0.5,1,2,False,False,0.758802,0.050847,2022-12-02T13:30:00+00:00,nfp+unemployment,0.758802,0.379401,31500.0,False,-50.9508,50.1875,8,-47.2297,True,-1.4312,50.1875,1,17.7469,False,-5.2477,50.1875,2,-2.0991,46.7241,True,46.7241,52.7699,True,52.7699,54.1859,True,54.1859,12.154012607459407,23.735658385061818,-47.2297,17.7469,-2.0991,2022
True,1,-1,2,True,True,-1.348982,-1.434274,2022-12-13T13:30:00+00:00,core_cpi+cpi,1.348982,1.011736,-0.15,True,-81.0382,0.0945,8,-33.3409,True,-69.8931,0.0945,1,-55.82,True,-81.0382,0.0945,2,-68.0985,42.2077,True,-42.2077,29.3655,True,-29.3655,37.0669,True,-37.0669,14.205592995735683,28.39190424047761,33.3409,55.82,68.0985,2022
True,1,-1,1,False,False,-0.770847,-0.252931,2022-12-15T13:30:00+00:00,retail_sales,0.770847,0.770847,-0.4,False,-89.7489,45.0154,8,30.2609,True,-25.562,2.9133,1,-11.0894,True,-89.7489,2.9133,2,-61.7435,17.7934,True,-17.7934,1.0339,True,-1.0339,16.8504,True,-16.8504,13.524822076501852,7.100601222151712,-30.2609,11.0894,61.7435,2022
True,1,-1,1,False,False,-0.056208,-0.055911,2023-01-04T15:00:00+00:00,pmi,0.056208,0.056208,-0.1,False,-1.1295,40.1924,8,23.3436,False,-1.1295,40.1924,1,24.0025,False,-1.1295,40.1924,2,19.2961,11.8741,True,-11.8741,0.3765,False,0.3765,10.8364,True,-10.8364,13.677239656775178,10.027642532472788,-23.3436,-24.0025,-19.2961,2023
True,1,1,2,True,False,1.348982,0.278533,2023-01-06T13:30:00+00:00,nfp+unemployment,1.348982,0.805959,11500.1,False,-131.0256,0.0,8,-129.5952,False,-55.786,0.0,1,-53.4974,False,-55.786,0.0,2,-32.8041,19.9857,True,19.9857,8.3847,True,8.3847,7.7183,True,7.7183,11.438235278687335,16.190804871249526,-129.5952,-53.4974,-32.8041,2023
False,0,0,2,False,False,0.0,0.0,2023-01-12T13:30:00+00:00,core_cpi+cpi,0.0,0.0,0.0,False,-55.6659,44.9038,8,-49.3571,False,-55.6659,44.9038,1,-46.8521,False,-55.6659,44.9038,2,-33.214,12.1685,,-12.1685,1.6697,,1.6697,14.5871,,-14.5871,14.656803800058512,15.722090213961854,,,,2023
True,1,-1,1,False,False,-0.674491,-0.200734,2023-01-18T13:30:00+00:00,retail_sales,0.674491,0.674491,-0.3,False,-42.9858,49.2584,8,44.8306,True,-24.9982,1.3837,1,-16.1427,True,-42.9858,1.3837,2,-35.2373,26.7712,False,26.7712,0.0922,False,0.0922,15.5211,True,-15.5211,17.446363134695716,14.209303288759088,-44.8306,16.1427,35.2373,2023
True,1,1,1,False,False,0.505868,0.326357,2023-01-26T13:30:00+00:00,gdp,0.505868,0.505868,0.3,True,-19.3638,42.215,8,32.8543,False,-10.9208,21.7499,1,-5.5981,False,-19.3638,21.7499,2,-1.9272,0.826,False,-0.826,0.2753,True,0.2753,3.3049,False,-3.3049,8.796760116663883,5.136965796506635,32.8543,-5.5981,-1.9272,2023
True,1,-1,1,False,False,-0.337245,-0.335465,2023-02-01T15:00:00+00:00,pmi,0.337245,0.337245,-0.6,True,-18.4326,15.498,8,-10.6377,False,-2.3843,15.498,1,0.0917,True,-18.4326,15.498,2,-13.8474,10.0058,True,-10.0058,0.5503,True,-0.5503,1.1923,True,-1.1923,8.798926328261794,3.5675312698771857,10.6377,-0.0917,13.8474,2023
True,1,1,2,True,True,3.703983,0.282016,2023-02-03T13:30:00+00:00,nfp+unemployment,3.703983,2.526482,162000.1,True,-3.4784,105.5407,8,88.3319,True,-3.4784,89.8881,1,77.6223,True,-3.4784,89.8881,2,69.4756,4.9405,True,4.9405,0.8239,False,-0.8239,7.4089,True,7.4089,10.203274227894891,25.442356373014917,88.3319,77.6223,69.4756,2023
False,0,0,2,False,False,0.0,0.0,2023-02-14T13:30:00+00:00,core_cpi+cpi,0.0,0.0,0.0,False,-44.344,46.4822,8,31.6079,False,-44.344,35.6983,1,-3.6256,False,-44.344,36.1632,2,29.2838,4.3674,,4.3674,0.0,,0.0,1.2084,,1.2084,11.386752164288996,4.189536592879113,,,,2023
True,1,1,1,True,True,2.473133,0.736025,2023-02-15T13:30:00+00:00,retail_sales,2.473133,2.473133,1.1,True,-7.6651,30.4736,8,29.5388,True,-7.6651,22.1541,1,13.7411,True,-7.6651,29.8192,2,20.0041,26.1053,True,26.1053,0.0,False,0.0,0.0935,False,-0.0935,9.891371971287658,6.362328843474705,29.5388,13.7411,20.0041,2023
True,1,-1,1,False,False,-0.112415,-0.111822,2023-03-01T15:00:00+00:00,pmi,0.112415,0.112415,-0.2,False,-11.907,21.1888,8,13.1258,False,-9.7506,21.1888,1,17.7199,True,-11.907,21.1888,2,-5.8129,0.8439,True,-0.8439,0.0938,False,0.0938,5.5285,False,5.5285,12.308160531746754,8.509557163287067,-13.1258,-17.7199,5.8129,2023
False,0,0,2,True,False,-1.348982,-0.278533,2023-03-10T13:30:00+00:00,nfp+unemployment,1.348982,1.171785,43499.9,False,-103.5775,0.3777,8,-67.7928,False,-50.1364,0.3777,1,-28.8922,False,-54.9518,0.3777,2,-54.3853,9.167,,-9.167,0.4721,,0.4721,3.1149,,3.1149,14.033695884514312,12.226510929925594,,,,2023
False,0.5,1,2,False,False,0.674491,0.663353,2023-03-14T12:30:00+00:00,core_cpi+cpi,0.674491,0.337245,0.05,True,-20.6962,26.5695,8,8.4836,False,-20.6962,26.1033,1,-8.3904,False,-20.6962,26.1033,2,-2.7036,18.7736,False,-18.7736,0.0932,False,-0.0932,4.3836,False,-4.3836,13.434018406570424,4.890065159816075,8.4836,-8.3904,-2.7036,2023
True,1,-1,1,False,False,-0.22483,-0.066911,2023-03-15T12:30:00+00:00,retail_sales,0.22483,0.22483,-0.1,False,-19.8593,55.2277,8,31.0183,False,-19.8593,20.6158,1,16.7385,False,-19.8593,49.1754,2,48.2297,146.5751,False,146.5751,0.0,False,0.0,12.4674,False,12.4674,28.645787009275246,8.181824438358305,-31.0183,-16.7385,-48.2297,2023
True,1,-1,1,False,False,-0.674491,-0.67093,2023-04-03T14:00:00+00:00,pmi,0.674491,0.674491,-1.2,True,-29.5834,5.6043,8,-2.3887,True,-29.5834,0.0,1,-22.4172,True,-29.5834,0.1837,2,-2.3887,18.593,True,-18.593,0.0,False,0.0,7.3553,True,-7.3553,13.792412912312868,10.049406693013918,2.3887,22.4172,2.3887,2023
True,1,1,2,False,False,0.674491,0.139266,2023-04-07T12:30:00+00:00,nfp+unemployment,0.674491,0.382974,4000.05,True,-0.1832,37.3746,8,5.1298,True,-0.1832,37.3746,1,11.817,True,-0.1832,37.3746,2,12.9162,0.8245,False,-0.8245,0.0,False,0.0,0.916,True,0.916,4.316802203405057,4.604261561574532,5.1298,11.817,12.9162,2023
False,0.5,-1,2,False,False,-0.674491,-0.689475,2023-04-12T12:30:00+00:00,core_cpi+cpi,0.674491,0.337245,-0.05,True,-69.7559,0.2746,8,-63.7141,True,-60.6016,0.2746,1,-36.8004,True,-60.6016,0.2746,2,-49.8911,0.0,False,0.0,0.0,False,0.0,1.0986,True,-1.0986,7.105381886298884,12.369754685853351,63.7141,36.8004,49.8911,2023
True,1,-1,1,True,False,-1.348982,-0.401468,2023-04-14T12:30:00+00:00,retail_sales,1.348982,1.348982,-0.6,False,-15.4655,73.8905,8,69.3684,False,-15.4655,34.639,1,20.078,False,-15.4655,34.639,2,29.0316,1.9893,False,1.9893,0.1809,True,-0.1809,2.6235,True,-2.6235,7.754212837776242,7.196170658796938,-69.3684,-20.078,-29.0316,2023
True,1,-1,1,True,False,-1.517604,-0.979071,2023-04-27T12:30:00+00:00,gdp,1.517604,1.517604,-0.9,False,-12.6771,46.4527,8,27.7086,False,-12.6771,38.7558,1,27.5275,False,-12.6771,41.3818,2,39.4802,8.595,False,8.595,3.4398,False,3.4398,8.1562,True,-8.1562,10.584165692643941,11.874017899647384,-27.7086,-27.5275,-39.4802,2023
True,1,1,1,False,False,0.168623,0.167732,2023-05-01T14:00:00+00:00,pmi,0.168623,0.168623,0.3,True,0.0,48.6477,8,41.6591,True,0.0,31.3124,1,29.5879,True,0.0,36.395,2,33.0368,14.1787,False,-14.1787,0.1815,True,0.1815,6.3492,True,6.3492,9.644560366564406,12.329742651786887,41.6591,29.5879,33.0368,2023
True,1,1,2,True,True,1.348982,0.278533,2023-05-05T12:30:00+00:00,nfp+unemployment,1.348982,1.086044,36000.1,False,-16.1665,39.6897,8,-10.7171,True,-1.1807,39.6897,1,31.334,True,-1.1807,39.6897,2,22.3425,16.231,True,16.231,0.2725,False,-0.2725,0.8175,False,-0.8175,8.19820022435185,10.293221994573853,-10.7171,31.334,22.3425,2023
False,0.5,1,2,False,False,0.674491,0.663353,2023-05-10T12:30:00+00:00,core_cpi+cpi,0.674491,0.337245,0.05,False,-55.4525,0.0,8,-23.8437,False,-54.3563,0.0,1,-49.7885,False,-54.813,0.0,2,-34.3495,5.2958,True,5.2958,0.0914,False,-0.0914,2.6486,True,2.6486,6.5047397480206195,16.90160532209051,-23.8437,-49.7885,-34.3495,2023
True,1,-1,1,False,False,-0.899321,-0.267645,2023-05-16T12:30:00+00:00,retail_sales,0.899321,0.899321,-0.4,False,-5.3291,26.4616,8,16.171,False,-5.3291,14.3334,1,1.8376,False,-5.3291,14.3334,2,7.8098,6.7945,False,6.7945,3.4007,True,-3.4007,2.8475,False,2.8475,7.745505897991554,4.732793366171607,-16.171,-1.8376,-7.8098,2023
True,1,-1,1,False,False,-0.056208,-0.055911,2023-06-01T14:00:00+00:00,pmi,0.056208,0.056208,-0.1,True,-30.3767,10.0635,8,-30.0972,False,-9.2248,10.0635,1,5.4044,False,-9.2248,10.0635,2,0.2795,25.784,True,-25.784,3.3556,True,-3.3556,18.3902,True,-18.3902,13.089324417327381,8.779908893053252,30.0972,-5.4044,-0.2795,2023
False,0,0,2,True,False,1.669079,0.127081,2023-06-02T12:30:00+00:00,nfp+unemployment,1.669079,1.50903,72999.9,False,-6.689,49.5174,8,46.8232,False,-3.3445,27.2206,1,15.329,False,-4.1806,27.2206,2,-3.0658,9.6526,,9.6526,0.1858,,-0.1858,5.5773,,-5.5773,8.625701313872913,6.618710023177118,,,,2023
False,0.5,-1,2,False,False,-0.674491,-0.689475,2023-06-13T12:30:00+00:00,core_cpi+cpi,0.674491,0.337245,-0.05,True,-27.9801,14.268,8,-2.7795,True,-27.9801,8.6164,1,-19.3637,True,-27.9801,8.6164,2,-9.1723,12.8617,False,12.8617,0.0927,True,-0.0927,0.8338,False,0.8338,7.116804591129981,7.335279690331867,2.7795,19.3637,9.1723,2023
True,1,1,1,True,False,1.124151,0.334557,2023-06-15T12:30:00+00:00,retail_sales,1.124151,1.124151,0.5,False,-94.2552,0.0,8,-92.134,False,-35.2304,0.0,1,-19.4597,False,-47.2198,0.0,2,-40.2106,9.2311,False,-9.2311,6.0832,True,6.0832,23.0172,False,-23.0172,13.744655935673633,13.110638839417064,-92.134,-19.4597,-40.2106,2023
True,1,-1,1,False,False,-0.674491,-0.67093,2023-07-03T14:00:00+00:00,pmi,0.674491,0.674491,-1.2,False,-18.6923,10.9038,8,4.6731,False,-18.6923,4.4898,1,3.6652,False,-18.6923,9.8959,2,6.3224,25.8142,True,-25.8142,0.0,False,0.0,0.0,False,0.0,10.586599949094525,3.387227323372915,-4.6731,-3.6652,-6.3224,2023
False,0.5,-1,2,False,False,-0.171481,-0.013056,2023-07-07T12:30:00+00:00,nfp+unemployment,0.171481,0.08574,-7500.0,True,-70.2357,0.0,8,-69.593,True,-36.4491,0.0,1,-18.2705,True,-36.4491,0.0,2,-14.598,13.1463,True,-13.1463,0.1836,False,0.1836,3.8576,True,-3.8576,10.33806455145317,6.715018262647665,69.593,18.2705,14.598,2023
True,1,-1,2,False,False,-0.674491,-0.689475,2023-07-12T12:30:00+00:00,core_cpi+cpi,0.674491,0.674491,-0.1,True,-98.3452,0.0,8,-98.073,True,-44.9993,0.0,1,-32.4793,True,-56.2491,0.0,2,-54.3439,0.0907,True,-0.0907,0.8165,False,0.8165,6.8998,True,-6.8998,6.907027790662201,11.051484023587815,98.073,32.4793,54.3439,2023
True,1,-1,1,False,False,-0.674491,-0.200734,2023-07-18T12:30:00+00:00,retail_sales,0.674491,0.674491,-0.3,False,-18.8468,28.2702,8,19.2913,False,-18.8468,22.6695,1,7.9121,False,-18.8468,22.6695,2,15.113,10.4121,True,-10.4121,0.2667,True,-0.2667,4.2654,False,4.2654,10.211831792278776,5.072089294113887,-19.2913,-7.9121,-15.113,2023
True,1,1,1,True,True,1.011736,0.652714,2023-07-27T12:30:00+00:00,gdp,1.011736,1.011736,0.6,True,-1.0818,98.2602,8,85.6396,True,-1.0818,41.1972,1,30.3795,True,-1.0818,65.627,2,61.4802,41.3857,True,41.3857,0.1803,True,0.1803,40.9387,True,40.9387,13.545770969579213,16.352962242661626,85.6396,30.3795,61.4802,2023
True,1,-1,1,False,False,-0.281038,-0.279554,2023-08-01T14:00:00+00:00,pmi,0.281038,0.281038,-0.5,False,-15.1287,10.7542,8,8.1112,False,-15.1287,9.7517,1,4.2834,True,-15.1287,10.3896,2,-5.3771,1.1846,False,1.1846,0.1823,False,0.1823,3.3709,False,3.3709,10.938913723745703,9.428915661567478,-8.1112,-4.2834,5.3771,2023
False,0,0,2,False,False,0.674491,0.139266,2023-08-04T12:30:00+00:00,nfp+unemployment,0.674491,0.440134,-8999.95,False,-84.478,13.3338,8,-80.3682,False,-44.2025,13.3338,1,-36.7137,False,-67.5824,13.3338,2,-65.2992,8.4092,,-8.4092,0.0,,0.0,10.6052,,-10.6052,8.83024410086158,12.39878429545596,,,,2023
False,0,0,2,False,False,0.0,0.0,2023-08-10T12:30:00+00:00,core_cpi+cpi,0.0,0.0,0.0,False,-32.5494,19.6747,8,16.32,False,-32.5494,17.5894,1,-10.7893,False,-32.5494,19.6747,2,12.1493,9.7108,,-9.7108,0.0,,0.0,11.528,,-11.528,6.997663207144665,6.0391214921168395,,,,2023
True,1,1,1,False,False,0.674491,0.200734,2023-08-15T12:30:00+00:00,retail_sales,0.674491,0.674491,0.3,True,-27.2826,23.8036,8,1.831,True,-8.9721,23.8036,1,0.6409,False,-27.2826,23.8036,2,-16.9372,4.667,True,4.667,0.1831,True,0.1831,6.0388,True,6.0388,9.320916795770621,5.092727897859438,1.831,0.6409,-16.9372,2023
False,0,0,2,True,False,-2.023472,-0.417799,2023-09-01T12:30:00+00:00,nfp+unemployment,2.023472,1.114625,8999.85,False,-35.4132,56.6243,8,54.7799,False,-35.4132,3.8733,1,-18.8133,False,-35.4132,3.8733,2,-28.9577,4.7932,,4.7932,0.0,,0.0,9.3231,,-9.3231,8.609419847408507,9.329477092247043,,,,2023
True,1,1,1,False,False,0.393453,0.391376,2023-09-01T14:00:00+00:00,pmi,0.393453,0.393453,0.7,True,0.0,67.4449,8,63.483,True,0.0,37.5923,1,34.6438,True,0.0,45.3318,2,41.3699,7.8379,False,-7.8379,0.0921,True,0.0921,19.7705,True,19.7705,18.06900754328371,16.80789440371834,63.483,34.6438,41.3699,2023
False,0.5,1,2,False,False,0.674491,0.663353,2023-09-13T12:30:00+00:00,core_cpi+cpi,0.674491,0.337245,0.05,False,-24.0313,23.5656,8,-7.8241,False,-24.0313,23.5656,1,-11.0842,False,-24.0313,23.5656,2,-8.1036,0.7452,False,-0.7452,1.7694,True,1.7694,0.652,True,0.652,8.126523709918223,4.019366897478517,-7.8241,-11.0842,-8.1036,2023
True,1,1,1,True,True,1.124151,0.334557,2023-09-14T12:30:00+00:00,retail_sales,1.124151,1.124151,0.5,True,-1.2149,51.6808,8,47.008,True,-1.2149,42.3353,1,22.0555,True,-1.2149,42.3353,2,30.2795,31.3956,True,31.3956,0.0935,False,-0.0935,27.8653,True,27.8653,11.857602788680445,10.902324492593797,47.008,22.0555,30.2795,2023
True,1,1,1,False,False,0.674491,0.67093,2023-10-02T14:00:00+00:00,pmi,0.674491,0.674491,1.2,True,-11.2214,25.8663,8,18.7341,True,-11.2214,16.737,1,4.0892,True,-11.2214,22.1576,2,19.1145,19.4569,True,19.4569,0.0951,False,-0.0951,7.1272,True,7.1272,9.363407825204424,3.7578725128135098,18.7341,4.0892,19.1145,2023
False,0,0,2,True,False,1.886288,0.143619,2023-10-06T12:30:00+00:00,nfp+unemployment,1.886288,1.280389,82499.95,False,-43.6797,68.1252,8,-24.9192,False,0.0,68.1252,1,54.5759,False,0.0,68.1252,2,41.1215,5.4985,,-5.4985,0.0,,0.0,11.2625,,11.2625,9.841565144411707,19.30063167668093,,,,2023
False,0.5,1,2,False,False,0.674491,0.689475,2023-10-12T12:30:00+00:00,core_cpi+cpi,0.674491,0.337245,0.05,True,-2.8236,75.6713,8,66.9183,True,-2.8236,49.8828,1,40.471,True,-2.8236,54.2123,2,49.3181,1.5057,True,1.5057,0.1882,True,0.1882,4.8966,False,-4.8966,6.920151833610802,13.714932449910782,66.9183,40.471,49.3181,2023
True,1,1,1,False,False,0.899321,0.267645,2023-10-17T12:30:00+00:00,retail_sales,0.899321,0.899321,0.4,False,-23.8422,29.6135,8,-21.4769,True,0.0,29.6135,1,21.0984,True,0.0,29.6135,2,18.9224,32.1766,False,-32.1766,0.0946,True,0.0946,5.2955,True,5.2955,10.850492946007474,10.887834785205733,-21.4769,21.0984,18.9224,2023
True,1,1,1,False,False,0.674491,0.435143,2023-10-26T12:30:00+00:00,gdp,0.674491,0.674491,0.4,True,-21.9223,14.6149,8,2.4674,False,-20.4039,14.6149,1,-20.309,False,-21.9223,14.6149,2,-10.0596,7.5864,True,7.5864,0.1898,True,0.1898,1.044,False,-1.044,8.34713082281889,7.989677497239253,2.4674,-20.309,-10.0596,2023
True,1,-1,1,True,True,-1.292774,-1.285949,2023-11-01T14:00:00+00:00,pmi,1.292774,1.292774,-2.3,True,-36.6495,4.5575,8,-1.3293,True,-28.9588,0.0,1,-25.5407,True,-36.6495,0.0,2,-19.1793,15.1685,False,15.1685,1.2345,True,-1.2345,7.9819,True,-7.9819,10.305255830401538,11.262229225613572,1.3293,25.5407,19.1793,2023
True,1,-1,2,False,False,-0.674491,-0.139266,2023-11-03T12:30:00+00:00,nfp+unemployment,0.674491,0.497294,-14000.05,True,-79.4969,0.0,8,-76.3996,True,-60.9132,0.0,1,-51.6214,True,-60.9132,0.0,2,-50.3074,25.8775,True,-25.8775,0.5632,True,-0.5632,7.4202,True,-7.4202,9.55261824005536,17.16827429172708,76.3996,51.6214,50.3074,2023
True,1,-1,2,False,False,-0.674491,-0.689475,2023-11-14T13:30:00+00:00,core_cpi+cpi,0.674491,0.674491,-0.1,True,-130.9262,0.746,8,-125.9838,True,-71.2447,0.746,1,-61.1735,True,-92.5062,0.746,2,-83.7405,7.3724,True,-7.3724,0.0,False,0.0,2.5184,True,-2.5184,9.259274107928679,20.485823490468622,125.9838,61.1735,83.7405,2023
True,1,1,1,False,False,0.449661,0.133823,2023-11-15T13:30:00+00:00,retail_sales,0.449661,0.449661,0.2,True,-14.8122,34.9605,8,16.0082,True,-14.8122,27.2324,1,9.7521,True,-14.8122,27.2324,2,19.5043,16.0339,False,-16.0339,0.0,False,0.0,5.431,False,-5.431,8.34610796750687,6.1409961362220775,16.0082,9.7521,19.5043,2023
True,1,-1,1,False,False,-0.674491,-0.67093,2023-12-01T15:00:00+00:00,pmi,0.674491,0.674491,-1.2,True,-44.8162,14.201,8,-41.312,True,-20.2872,0.0,1,-4.4263,False,-20.2872,10.6969,2,5.9939,44.9818,False,44.9818,0.4611,True,-0.4611,18.9601,False,18.9601,14.08242270783228,9.16355902242057,41.312,4.4263,-5.9939,2023
True,1,1,2,True,True,1.348982,0.278533,2023-12-08T13:30:00+00:00,nfp+unemployment,1.348982,0.760231,7500.1,True,-14.3913,43.5453,8,19.3122,True,-0.1857,43.5453,1,21.7262,True,-0.1857,43.5453,2,29.0611,5.9387,True,5.9387,1.3925,True,1.3925,6.4023,True,6.4023,7.663911936749483,8.759711137640666,19.3122,21.7262,29.0611,2023
False,0.5,1,2,False,False,0.674491,0.689475,2023-12-12T13:30:00+00:00,core_cpi+cpi,0.674491,0.337245,0.05,True,-16.8363,39.593,8,14.4311,True,-16.8363,33.765,1,30.6198,True,-16.8363,33.765,2,24.1443,15.1942,False,-15.1942,0.0,False,0.0,10.9277,False,-10.9277,8.891790491708703,12.06592975911436,14.4311,30.6198,24.1443,2023
True,1,1,1,False,False,0.899321,0.267645,2023-12-14T13:30:00+00:00,retail_sales,0.899321,0.899321,0.4,False,-75.9906,14.191,8,-75.8075,False,-26.5509,14.191,1,-19.7759,False,-51.3623,14.191,2,-26.1847,16.599,False,-16.599,0.2747,True,0.2747,1.2816,True,1.2816,12.559362984633097,7.154764865061507,-75.8075,-19.7759,-26.1847,2023
True,1,1,1,False,False,0.122635,0.116271,2024-01-03T15:00:00+00:00,pmi,0.122635,0.122635,0.2,True,-21.2536,16.3982,8,9.161,True,-21.2536,5.1302,1,0.4581,True,-21.2536,16.3982,2,10.1687,6.4086,True,6.4086,1.8319,True,1.8319,0.0916,False,-0.0916,11.834963191399304,4.576231821092207,9.161,0.4581,10.1687,2024
True,1,1,2,False,False,0.674491,0.147889,2024-01-05T13:30:00+00:00,nfp+unemployment,0.674491,0.623755,24000.05,False,-71.5156,40.1073,8,-22.7092,False,-4.3038,40.1073,1,-0.7326,False,-25.6394,40.1073,2,-22.9839,7.2392,False,-7.2392,0.0,False,0.0,2.7478,False,-2.7478,8.909463643878674,3.7968151944260167,-22.7092,-0.7326,-22.9839,2024
False,0.5,1,2,False,False,0.674491,0.722336,2024-01-11T13:30:00+00:00,core_cpi+cpi,0.674491,0.337245,0.05,True,-11.1939,52.9664,8,38.4052,True,-11.1939,47.961,1,43.7746,True,-11.1939,51.7833,2,27.4843,22.1638,False,-22.1638,0.091,True,0.091,3.7327,False,-3.7327,8.065534376314385,15.959494366875626,38.4052,43.7746,27.4843,2024
True,1,1,1,False,False,0.449661,0.142067,2024-01-17T13:30:00+00:00,retail_sales,0.449661,0.449661,0.2,True,-0.92,23.6428,8,10.3955,True,0.0,17.2032,1,5.8877,True,-0.368,17.2032,2,4.9678,5.9761,True,5.9761,0.0,False,0.0,3.7704,True,3.7704,9.358439151474949,3.185316954172523,10.3955,5.8877,4.9678,2024
True,1,1,1,True,True,2.505251,1.465516,2024-01-25T13:30:00+00:00,gdp,2.505251,2.505251,1.3,True,-9.3666,60.5153,8,41.6904,True,-9.3666,21.3962,1,9.9175,True,-9.3666,32.0483,2,20.386,5.5984,True,5.5984,0.0,False,0.0,1.4695,False,-1.4695,8.240439264682774,4.4424543443593745,41.6904,9.9175,20.386,2024
True,1,1,1,True,False,1.165029,1.104576,2024-02-01T15:00:00+00:00,pmi,1.165029,1.165029,1.9,False,-44.3344,19.3039,8,-39.5315,False,-4.7105,19.3039,1,-4.3411,True,-4.8953,19.3039,2,0.2771,19.434,False,-19.434,0.1847,False,-0.1847,9.9852,False,-9.9852,11.471026043094495,3.3140084060661508,-39.5315,-4.3411,0.2771,2024
True,1,1,2,True,True,1.98169,0.154335,2024-02-02T13:30:00+00:00,nfp+unemployment,1.98169,1.32809,83000.05,True,-0.3675,93.5318,8,87.2841,True,-0.3675,73.778,1,70.3785,True,-0.3675,84.9871,2,77.8207,6.3356,True,6.3356,0.0,False,0.0,3.1248,False,-3.1248,6.647908212580499,23.046565912043327,87.2841,70.3785,77.8207,2024
True,1,1,2,False,False,0.674491,0.700152,2024-02-13T13:30:00+00:00,core_cpi+cpi,0.674491,0.674491,0.1,True,-4.6328,85.7061,8,73.3829,True,-4.6328,83.297,1,77.923,True,-4.6328,85.7061,2,67.6383,24.0554,False,-24.0554,0.1853,False,-0.1853,6.6756,False,-6.6756,7.714540289635516,27.17476962420456,73.3829,77.923,67.6383,2024
True,1,-1,1,True,True,-1.348982,-0.4262,2024-02-15T13:30:00+00:00,retail_sales,1.348982,1.348982,-0.6,True,-35.919,0.0,8,-11.8179,True,-24.5664,0.0,1,-18.4248,True,-24.5664,0.0,2,-21.4025,12.3916,True,-12.3916,0.0931,True,-0.0931,1.396,True,-1.396,5.704234951039868,6.068071315577232,11.8179,18.4248,21.4025,2024
True,1,-1,1,True,True,-1.042395,-0.988305,2024-03-01T15:00:00+00:00,pmi,1.042395,1.042395,-1.7,True,-38.6079,0.0,8,-36.1081,True,-37.034,0.0,1,-35.8303,True,-37.8672,0.0,2,-31.664,12.9451,False,12.9451,0.9259,True,-0.9259,11.5597,False,11.5597,8.576443442065365,13.827423155915962,36.1081,35.8303,31.664,2024
False,0,0,2,True,False,-1.348982,-0.295778,2024-03-08T13:30:00+00:00,nfp+unemployment,1.348982,1.1341,38499.9,False,-37.8431,19.7442,8,-3.7477,False,-37.8431,19.7442,1,-16.5449,False,-37.8431,19.7442,2,-14.8082,4.2066,,-4.2066,0.0914,,0.0914,7.4096,,-7.4096,7.843162527835955,6.5172553713254,,,,2024
False,0.5,1,2,False,False,0.674491,0.700152,2024-03-12T12:30:00+00:00,core_cpi+cpi,0.674491,0.337245,0.05,True,-7.7731,30.0866,8,16.7351,True,-7.7731,30.0866,1,13.8087,True,-7.7731,30.0866,2,18.4726,9.4281,False,-9.4281,0.0914,True,0.0914,1.4634,False,-1.4634,4.185980360049756,5.183983801502531,16.7351,13.8087,18.4726,2024
True,1,-1,1,False,False,-0.449661,-0.142067,2024-03-14T12:30:00+00:00,retail_sales,0.449661,0.449661,-0.2,False,-8.413,48.1002,8,40.6932,False,-8.413,10.3333,1,5.2124,False,-8.413,14.9056,2,14.8141,2.0114,False,2.0114,0.1829,True,-0.1829,5.301,False,5.301,5.895487768065509,2.6997534910118945,-40.6932,-5.2124,-14.8141,2024
True,1,1,1,True,True,1.103712,1.046441,2024-04-01T14:00:00+00:00,pmi,1.103712,1.103712,1.8,True,0.0,36.9521,8,26.8321,True,0.0,25.2537,1,24.8823,True,0.0,28.9675,2,24.3253,10.1098,True,10.1098,2.0422,True,2.0422,7.2366,True,7.2366,5.425762931014471,8.943583420241909,26.8321,24.8823,24.3253,2024
True,1,1,2,True,True,1.086348,0.084605,2024-04-05T12:30:00+00:00,nfp+unemployment,1.086348,0.880419,45500.05,True,0.0,49.6081,8,7.8377,True,0.0,41.2172,1,33.0106,True,0.0,49.6081,2,41.2172,6.9204,False,-6.9204,0.7376,True,0.7376,9.3217,False,-9.3217,6.424669425669239,12.182233394420269,7.8377,33.0106,41.2172,2024
True,1,1,2,False,False,0.674491,0.700152,2024-04-10T12:30:00+00:00,core_cpi+cpi,0.674491,0.674491,0.1,True,0.0,97.5533,8,96.9996,True,0.0,52.4222,1,50.2072,True,0.0,66.543,2,57.1291,23.2956,True,23.2956,24.6734,True,24.6734,18.8843,True,18.8843,5.432584500389278,25.03336941260162,96.9996,50.2072,57.1291,2024
True,1,1,1,False,False,0.674491,0.2131,2024-04-15T12:30:00+00:00,retail_sales,0.674491,0.674491,0.3,True,-8.1675,28.2576,8,12.2043,True,0.0,19.7146,1,4.694,True,-8.1675,19.7146,2,6.4777,4.0352,True,4.0352,1.0326,True,1.0326,2.5341,True,2.5341,6.3340301727919925,2.5876005899725056,12.2043,4.694,6.4777,2024
True,1,-1,1,True,False,-1.734405,-1.014588,2024-04-25T12:30:00+00:00,gdp,1.734405,1.734405,-0.9,True,-23.0507,34.6227,8,-5.4127,False,-23.0507,28.0901,1,22.0242,False,-23.0507,34.6227,2,26.317,9.5099,False,9.5099,0.3733,False,0.3733,4.3842,False,4.3842,6.375129533357719,7.881782048219604,5.4127,-22.0242,-26.317,2024
True,1,-1,1,False,False,-0.490539,-0.465085,2024-05-01T14:00:00+00:00,pmi,0.490539,0.490539,-0.8,False,-10.0171,10.298,8,6.4596,True,-10.0171,3.8383,1,-5.0554,True,-10.0171,3.8383,2,-1.217,11.153,True,-11.153,0.6554,True,-0.6554,1.6854,True,-1.6854,6.041911543460894,3.5004133721348025,-6.4596,5.0554,1.217,2024
True,1,-1,2,False,False,-0.752087,-0.058573,2024-05-03T12:30:00+00:00,nfp+unemployment,0.752087,0.713289,-31500.05,True,-56.1777,0.279,8,-13.6724,True,-56.1777,0.279,1,-39.157,True,-56.1777,0.279,2,-29.0189,8.471,True,-8.471,0.0,False,0.0,5.4906,True,-5.4906,5.328526525406823,12.857645522094472,13.6724,39.157,29.0189,2024
False,0.6667,-1,3,False,False,-0.899321,-0.284133,2024-05-15T12:30:00+00:00,core_cpi+cpi+retail_sales,0.899321,0.524604,-0.16666667,True,-40.1629,0.0,8,-32.315,True,-35.4541,0.0,1,-27.9755,True,-35.4541,0.0,2,-22.7128,0.9234,True,-0.9234,0.6463,True,-0.6463,1.5698,True,-1.5698,5.206193944426518,9.670340324624302,32.315,27.9755,22.7128,2024
True,1,-1,1,False,False,-0.674491,-0.639491,2024-06-03T14:00:00+00:00,pmi,0.674491,0.674491,-1.1,True,-35.1078,0.0,8,-32.8041,True,-27.7361,0.0,1,-24.3266,True,-27.7361,0.0,2,-16.1256,18.9258,True,-18.9258,0.6451,True,-0.6451,0.1843,True,-0.1843,6.78018731089744,7.919510230418414,32.8041,24.3266,16.1256,2024
False,0,0,2,True,False,1.07441,0.083675,2024-06-07T12:30:00+00:00,nfp+unemployment,1.07441,0.87445,44999.95,False,-1.3769,82.4315,8,76.1894,False,-1.3769,63.9808,1,55.7193,False,-1.3769,66.551,2,58.1059,4.5,,-4.5,1.0096,,1.0096,4.0373,,4.0373,5.807026010817806,19.254910251097755,,,,2024
True,1,-1,2,False,False,-0.674491,-0.722336,2024-06-12T12:30:00+00:00,core_cpi+cpi,0.674491,0.674491,-0.1,True,-79.6916,0.0,8,-70.2178,True,-58.9792,0.0,1,-56.0071,True,-63.9948,0.0,2,-63.9019,18.5175,True,-18.5175,0.0,False,0.0,2.2296,True,-2.2296,6.3113376260783935,17.719198167478748,70.2178,56.0071,63.9019,2024
True,1,-1,1,False,False,-0.449661,-0.142067,2024-06-18T12:30:00+00:00,retail_sales,0.449661,0.449661,-0.2,True,-44.9912,0.0,8,-22.869,True,-19.4153,0.0,1,-16.7084,True,-20.6288,0.0,2,-17.1751,5.6907,False,5.6907,0.28,False,0.28,2.8928,False,2.8928,6.204337034223442,5.810337797226718,22.869,16.7084,17.1751,2024
True,1,-1,1,False,False,-0.429221,-0.406949,2024-07-01T14:00:00+00:00,pmi,0.429221,0.429221,-0.7,False,-4.1803,41.9883,8,33.1633,False,-4.1803,23.0378,1,19.415,False,-4.1803,33.7207,2,32.3273,11.4391,True,-11.4391,4.9258,True,-4.9258,8.7397,True,-8.7397,7.464943244795262,6.673600482257556,-33.1633,-19.415,-32.3273,2024
False,0,0,2,False,False,-0.674491,-0.147889,2024-07-05T12:30:00+00:00,nfp+unemployment,0.674491,0.42678,7499.95,False,-17.0002,19.2176,8,-3.6957,False,-17.0002,19.2176,1,-5.7283,False,-17.0002,19.2176,2,-4.6196,4.2482,,4.2482,0.0,,0.0,4.0669,,-4.0669,5.0810628865168015,2.8644217702857384,,,,2024
True,1,-1,2,True,True,-1.348982,-1.444671,2024-07-11T12:30:00+00:00,core_cpi+cpi,1.348982,1.011736,-0.15,True,-47.1037,0.0,8,-17.4219,True,-47.1037,0.0,1,-35.95,True,-47.1037,0.0,2,-32.4472,1.0141,True,-1.0141,0.0,False,0.0,5.8039,False,5.8039,6.544645208259162,12.14648724549272,17.4219,35.95,32.4472,2024
True,1,1,1,False,False,0.674491,0.2131,2024-07-16T12:30:00+00:00,retail_sales,0.674491,0.674491,0.3,True,0.0,27.2447,8,17.4293,True,0.0,23.3919,1,18.8053,True,0.0,27.2447,2,21.0986,0.8257,False,-0.8257,0.7338,True,0.7338,0.7338,True,0.7338,6.135867155498823,6.994424193420358,17.4293,18.8053,21.0986,2024
True,1,1,1,True,True,1.541693,0.901856,2024-07-25T12:30:00+00:00,gdp,1.541693,1.541693,0.8,False,-10.5961,21.1,8,-7.4633,True,-1.4742,15.3873,1,3.0406,True,-1.4742,15.3873,2,11.886,6.4539,False,-6.4539,1.1056,True,1.1056,6.9152,False,-6.9152,6.152755137163153,4.0189000659065455,-7.4633,3.0406,11.886,2024
True,1,-1,1,True,False,-1.226347,-1.162712,2024-08-01T14:00:00+00:00,pmi,1.226347,1.226347,-2.0,False,-14.7192,20.4588,8,9.9054,False,-14.7192,5.7396,1,1.6663,False,-14.7192,13.7935,2,9.3499,13.9054,True,-13.9054,0.1851,False,0.1851,9.4514,True,-9.4514,10.97215968610457,4.6493992987863155,-9.9054,-1.6663,-9.3499,2024
True,1,-1,2,True,True,-1.348982,-0.295778,2024-08-02T12:30:00+00:00,nfp+unemployment,1.348982,1.044565,-31000.1,True,-88.0797,0.0,8,-75.4309,True,-60.8433,0.0,1,-55.4884,True,-63.6131,0.0,2,-58.4428,15.3498,True,-15.3498,0.1847,True,-0.1847,0.0923,False,0.0923,7.854565635628854,18.42409847589141,75.4309,55.4884,58.4428,2024
False,0,0,2,False,False,0.0,0.0,2024-08-14T12:30:00+00:00,core_cpi+cpi,0.0,0.0,0.0,False,-22.0452,17.0556,8,4.8989,False,-10.9772,17.0556,1,5.534,False,-17.237,17.0556,2,0.7258,3.3578,,-3.3578,0.0,,0.0,0.4536,,-0.4536,6.658902742070869,2.997236699381638,,,,2024
True,1,1,1,True,True,1.348982,0.4262,2024-08-15T12:30:00+00:00,retail_sales,1.348982,1.348982,0.6,True,0.0,52.3308,8,18.7155,True,0.0,50.1504,1,45.8803,True,0.0,52.3308,2,43.2456,0.8177,False,-0.8177,3.8143,True,3.8143,5.7204,True,5.7204,3.9964737762960993,16.778905739128604,18.7155,45.8803,43.2456,2024
True,1,-1,1,False,False,-0.183952,-0.174407,2024-09-03T14:00:00+00:00,pmi,0.183952,0.183952,-0.3,False,-3.8858,35.876,8,34.3397,False,-3.8858,26.1163,1,24.4896,False,-3.8858,26.1163,2,21.5979,23.6417,True,-23.6417,5.9678,True,-5.9678,3.616,True,-3.616,8.217076716669734,8.71861924656774,-34.3397,-24.4896,-21.5979,2024
False,0.5,-1,2,False,False,-0.262634,-0.020454,2024-09-06T12:30:00+00:00,nfp+unemployment,0.262634,0.131317,-11000.0,False,-42.0433,37.902,8,26.4684,True,-42.0433,24.9379,1,-11.8838,False,-42.0433,24.9379,2,11.1635,8.7251,False,8.7251,0.09,True,-0.09,0.6302,True,-0.6302,5.9964963350613525,5.7223968075361675,-26.4684,11.8838,-11.1635,2024
False,0.5,1,2,False,False,0.674491,0.700152,2024-09-11T12:30:00+00:00,core_cpi+cpi,0.674491,0.337245,0.05,True,0.0,36.3162,8,26.8975,True,0.0,34.9578,1,23.3655,True,0.0,34.9578,2,23.6372,1.6299,True,1.6299,0.0906,True,0.0906,1.3583,True,1.3583,6.3713648934596065,8.43619551330662,26.8975,23.3655,23.6372,2024
True,1,1,1,False,False,0.674491,0.2131,2024-09-17T12:30:00+00:00,retail_sales,0.674491,0.674491,0.3,True,-9.9707,18.9533,8,13.4739,True,-9.9707,13.3841,1,7.0064,True,-9.9707,15.8094,2,11.8571,10.7675,True,10.7675,0.6287,True,0.6287,5.2072,True,5.2072,6.992379255116979,3.213429822981907,13.4739,7.0064,11.8571,2024
True,1,-1,1,False,False,-0.245269,-0.232542,2024-10-01T14:00:00+00:00,pmi,0.245269,0.245269,-0.4,False,-15.5383,21.4104,8,6.5948,True,-15.5383,13.0992,1,-5.33,True,-15.5383,13.0992,2,-6.2334,16.5948,False,16.5948,0.4517,True,-0.4517,6.5904,False,6.5904,11.144069147262012,4.688256517481539,-6.5948,5.33,6.2334,2024
True,1,1,2,True,True,1.277354,0.099481,2024-10-04T12:30:00+00:00,nfp+unemployment,1.277354,0.975922,53500.05,True,0.0,69.8147,8,68.636,True,0.0,63.7399,1,61.9265,True,0.0,64.0119,2,58.9345,3.5373,False,-3.5373,0.272,True,0.272,2.7193,True,2.7193,5.746836608627371,20.823537622209336,68.636,61.9265,58.9345,2024
True,1,1,2,False,False,0.674491,0.722336,2024-10-10T12:30:00+00:00,core_cpi+cpi,0.674491,0.674491,0.1,True,-22.5065,22.5979,8,3.4766,False,-22.5065,22.5979,1,-12.6256,False,-22.5065,22.5979,2,-13.1745,2.4696,True,2.4696,0.7319,True,0.7319,0.5489,True,0.5489,5.041635636340206,4.80031330880317,3.4766,-12.6256,-13.1745,2024
True,1,1,1,False,False,0.22483,0.071033,2024-10-17T12:30:00+00:00,retail_sales,0.22483,0.22483,0.1,True,0.0,48.7854,8,35.7146,True,0.0,28.2587,1,19.5142,True,0.0,48.7854,2,46.116,11.427,False,-11.427,1.0126,False,-1.0126,0.7364,False,-0.7364,6.227901824974286,7.05879654641334,35.7146,19.5142,46.116,2024
True,1,-1,1,False,False,-0.385423,-0.225464,2024-10-30T12:30:00+00:00,gdp,0.385423,0.385423,-0.2,True,-51.9865,2.2201,8,-45.3263,True,-6.4752,2.2201,1,-3.1451,True,-9.4353,2.2201,2,-9.3428,21.2304,False,21.2304,0.0,False,0.0,12.5646,False,12.5646,11.099440649906393,5.208857928931313,45.3263,3.1451,9.3428,2024
False,0.5,-1,2,True,True,-1.122162,-0.087394,2024-11-01T12:30:00+00:00,nfp+unemployment,1.122162,0.561081,-47000.0,False,-38.1075,15.4639,8,14.0832,True,-38.1075,0.0,1,-20.3424,True,-38.1075,0.0,2,-5.799,1.7492,True,-1.7492,1.565,True,-1.565,3.5885,False,3.5885,6.767503016758484,8.180361517826038,-14.0832,20.3424,5.799,2024
True,1,-1,1,False,False,-0.674491,-0.639491,2024-11-01T14:00:00+00:00,pmi,0.674491,0.674491,-1.1,False,-2.5758,33.3021,8,31.5542,False,-2.5758,13.5232,1,10.8554,False,-2.5758,18.6749,2,14.6271,13.357,True,-13.357,2.1163,True,-2.1163,0.092,False,0.092,13.13625381094728,10.445227311796875,-31.5542,-10.8554,-14.6271,2024
False,0,0,2,False,False,0.0,0.0,2024-11-13T13:30:00+00:00,core_cpi+cpi,0.0,0.0,0.0,False,-25.5973,66.3461,8,56.8412,False,-25.5973,1.9763,1,-9.6931,False,-25.5973,6.5876,2,5.1759,0.5646,,0.5646,0.5647,,-0.5647,4.8912,,4.8912,11.566596930557356,10.77271715476785,,,,2024
True,1,1,1,False,False,0.22483,0.071033,2024-11-15T13:30:00+00:00,retail_sales,0.22483,0.22483,0.1,True,-4.8185,57.916,8,31.3672,True,-4.8185,28.9107,1,24.5647,True,-4.8185,42.3268,2,37.036,21.1134,False,-21.1134,0.0,False,0.0,8.0372,False,-8.0372,11.316023083468028,10.275769422651868,31.3672,24.5647,37.036,2024
True,1,1,1,False,False,0.429221,0.406949,2024-12-02T15:00:00+00:00,pmi,0.429221,0.429221,0.7,False,-26.5498,9.8368,8,-17.9545,True,-9.4548,8.7863,1,4.0111,True,-9.4548,8.7863,2,1.9101,52.7246,True,52.7246,2.0052,True,2.0052,21.7273,True,21.7273,16.613718756602253,8.443671039970532,-17.9545,4.0111,1.9101,2024
False,0,0,2,False,False,-0.674491,-0.147889,2024-12-06T13:30:00+00:00,nfp+unemployment,0.674491,0.390966,4499.95,False,-44.3176,36.3801,8,28.2537,False,-44.3176,0.0,1,-20.4107,False,-44.3176,14.1741,2,1.1339,5.1999,,-5.1999,0.9448,,0.9448,1.4176,,-1.4176,8.943852361521488,7.097846803219821,,,,2024
False,0,0,2,False,False,0.0,0.0,2024-12-11T13:30:00+00:00,core_cpi+cpi,0.0,0.0,0.0,False,-23.687,30.4411,8,17.1231,False,-23.687,8.7518,1,-11.4154,False,-23.687,8.7518,2,4.471,11.1424,,-11.1424,0.6659,,0.6659,8.7595,,-8.7595,10.892332999080155,5.411559836599764,,,,2024
True,1,1,1,False,False,0.22483,0.071033,2024-12-17T13:30:00+00:00,retail_sales,0.22483,0.22483,0.1,False,-20.392,2.3822,8,-11.1489,False,-11.6254,2.3822,1,-10.0054,False,-16.2946,2.3822,2,-11.3395,8.2971,False,-8.2971,0.2859,False,-0.2859,6.6658,True,6.6658,7.8654813217486295,5.733223294129493,-11.1489,-10.0054,-11.3395,2024
True,1,1,1,False,False,0.674491,0.656137,2025-01-03T15:00:00+00:00,pmi,0.674491,0.674491,1.1,False,-12.6303,19.3341,8,-4.372,True,-12.6303,18.8483,1,17.1967,True,-12.6303,19.3341,2,3.5948,4.9525,True,4.9525,6.2141,True,6.2141,1.6519,False,-1.6519,9.449483329957179,8.349208656044706,-4.372,17.1967,3.5948,2025
True,1,1,2,True,True,1.060738,0.090643,2025-01-10T13:30:00+00:00,nfp+unemployment,1.060738,0.867614,46000.05,True,-0.2912,88.4131,8,62.9859,True,-0.2912,88.4131,1,46.1961,True,-0.2912,88.4131,2,42.0229,3.9807,False,-3.9807,0.3882,True,0.3882,1.5526,True,1.5526,6.466562153115332,15.848083767084526,62.9859,46.1961,42.0229,2025
False,0.5,-1,2,False,False,-0.674491,-0.730213,2025-01-15T13:30:00+00:00,core_cpi+cpi,0.674491,0.337245,-0.05,False,-11.8933,81.3189,8,54.4382,True,-11.8933,16.2444,1,-1.9339,False,-11.8933,16.2444,2,0.9669,31.3297,True,-31.3297,39.2172,True,-39.2172,41.0692,True,-41.0692,8.260552890412761,14.315244553892,-54.4382,1.9339,-0.9669,2025
True,1,-1,1,False,False,-0.449661,-0.150167,2025-01-16T13:30:00+00:00,retail_sales,0.449661,0.449661,-0.2,True,-49.4924,4.1893,8,-47.4465,True,-20.2646,4.1893,1,-16.8547,True,-20.2646,4.1893,2,-10.2297,21.1939,False,21.1939,0.5845,False,0.5845,7.2043,False,7.2043,11.108007919559936,8.917633286016173,47.4465,16.8547,10.2297,2025
True,1,-1,1,False,False,-0.674491,-0.449675,2025-01-30T13:30:00+00:00,gdp,0.674491,0.674491,-0.4,True,-52.6275,10.3719,8,-2.4969,True,-45.1368,10.3719,1,-42.5438,True,-52.6275,10.3719,2,-19.9754,5.1886,True,-5.1886,1.8243,False,1.8243,9.1317,True,-9.1317,11.042928517073944,14.59747093802869,2.4969,42.5438,19.9754,2025
True,1,1,1,False,False,0.981077,0.954381,2025-02-03T15:00:00+00:00,pmi,0.981077,0.981077,1.6,False,-86.7639,4.4895,8,-31.4263,False,-72.4171,4.4895,1,-54.264,False,-86.7639,4.4895,2,-68.1228,6.3478,False,-6.3478,2.8295,True,2.8295,14.1316,True,14.1316,18.09629481128114,19.9806126675126,-31.4263,-54.264,-68.1228,2025
False,0,0,2,False,False,0.674491,0.156075,2025-02-07T13:30:00+00:00,nfp+unemployment,0.674491,0.487132,-12999.95,False,-37.2095,66.1288,8,51.8619,False,-37.2095,23.6174,1,9.7362,False,-37.2095,23.6174,2,-7.519,16.5529,,16.5529,1.0605,,-1.0605,0.482,,0.482,7.476607002507743,4.473584786900106,,,,2025
True,1,1,2,True,True,1.348982,1.491003,2025-02-12T13:30:00+00:00,core_cpi+cpi,1.348982,1.011736,0.15,False,-52.8677,46.7898,8,-50.3594,True,-0.1929,46.7898,1,31.1611,True,-0.1929,46.7898,2,17.0759,7.6156,True,7.6156,0.6753,True,0.6753,7.0376,True,7.0376,8.000210294937498,11.173808191107444,-50.3594,31.1611,17.0759,2025
True,1,-1,1,True,True,-1.573812,-0.525583,2025-02-14T13:30:00+00:00,retail_sales,1.573812,1.573812,-0.7,True,-30.3371,0.0,8,-15.3594,True,-14.787,0.0,1,-5.6286,True,-17.5536,0.0,2,-15.6456,1.0495,True,-1.0495,1.0495,True,-1.0495,10.1226,True,-10.1226,9.66734183428385,5.315958105724089,15.3594,5.6286,15.6456,2025
True,1,-1,1,False,False,-0.183952,-0.178946,2025-03-03T15:00:00+00:00,pmi,0.183952,0.183952,-0.3,True,-23.0916,3.0534,8,-6.584,True,-21.4695,3.0534,1,-18.6069,True,-22.8053,3.0534,2,-4.1985,28.5162,True,-28.5162,2.671,False,2.671,4.2921,False,4.2921,11.611702465181503,6.920703265057507,6.584,18.6069,4.1985,2025
True,1,-1,2,False,False,-0.674491,-0.156075,2025-03-07T13:30:00+00:00,nfp+unemployment,0.674491,0.383364,-4000.05,False,-27.8123,21.1816,8,8.9331,False,-27.8123,14.0903,1,12.8931,True,-27.8123,14.0903,2,-8.2884,2.578,False,2.578,0.0921,True,-0.0921,3.5929,True,-3.5929,10.89337790923014,6.855785216890069,-8.9331,-12.8931,8.2884,2025
True,1,-1,2,False,False,-0.674491,-0.745502,2025-03-12T12:30:00+00:00,core_cpi+cpi,0.674491,0.674491,-0.1,True,-38.1991,13.4064,8,-23.048,False,-38.1991,13.0391,1,10.9272,True,-38.1991,13.0391,2,-1.1019,28.2023,False,28.2023,1.6526,False,1.6526,9.2657,False,9.2657,10.882216189583598,5.6219647215891175,23.048,-10.9272,1.1019,2025
True,1,-1,1,False,False,-0.899321,-0.300333,2025-03-17T12:30:00+00:00,retail_sales,0.899321,0.899321,-0.4,True,-28.3512,10.6432,8,-19.7266,True,-9.5422,10.6432,1,-2.3855,True,-9.5422,10.6432,2,-1.468,13.8737,True,-13.8737,0.0,False,0.0,3.0269,False,3.0269,10.096292038192537,5.158392628743374,19.7266,2.3855,1.468,2025
True,1,-1,1,False,False,-0.306587,-0.298244,2025-04-01T14:00:00+00:00,pmi,0.306587,0.306587,-0.5,True,-26.522,0.1855,8,-8.3461,True,-26.522,0.1855,1,-10.2008,True,-26.522,0.1855,2,-21.7926,19.9906,False,19.9906,2.8739,False,2.8739,10.5605,False,10.5605,12.814854318524343,7.291619892456735,8.3461,10.2008,21.7926,2025
False,0,0,2,True,False,1.049208,0.089658,2025-04-04T12:30:00+00:00,nfp+unemployment,1.049208,0.861849,45499.95,False,-9.9295,106.9678,8,84.8521,False,-9.9295,63.9099,1,53.168,False,-9.9295,63.9099,2,44.9536,74.8468,,-74.8468,0.7221,,0.7221,16.7275,,-16.7275,34.00166664503788,29.315435780053726,,,,2025
